timestamp,actor,action,member_id,chart_id,rows_affected
2025-09-20T22:47:41,PC,save_decisions,M0001,CHART01,2
2025-09-20T22:48:06,PC,save_decisions,M0001,CHART01,3
2025-09-20T22:48:08,PC,save_decisions,M0001,CHART01,3
2025-09-21T19:55:34,PC,submit_task,M0001,CHART01,1
2025-09-21T19:55:41,PC,submit_task,M0001,CHART01,1
2025-09-21T19:55:51,PC,submit_task,M0001,CHART01,1
2025-09-21T19:55:56,PC,submit_task,M0001,CHART01,1
2025-09-21T21:40:25,PC,save_decisions,M0003,CHART01,3
2025-09-21T21:40:31,PC,save_decisions,M0003,CHART01,3
2025-09-21T21:40:35,PC,save_decisions,M0003,CHART01,3
2025-09-21T21:40:42,PC,save_decisions,M0003,CHART01,3
